[
  {
    "model": "helper_models.category",
    "pk": 1,
    "fields": {
      "name": "Salary",
      "description": "Base category for income",
      "type": "income",
      "builtin": true,
      "user": null
    }
  },
  {
    "model": "helper_models.category",
    "pk": 2,
    "fields": {
      "name": "Freelance Income",
      "description": "Base category for income",
      "type": "income",
      "builtin": true,
      "user": null
    }
  },
  {
    "model": "helper_models.category",
    "pk": 3,
    "fields": {
      "name": "Investment Returns",
      "description": "Base category for income",
      "type": "income",
      "builtin": true,
      "user": null
    }
  },
  {
    "model": "helper_models.category",
    "pk": 4,
    "fields": {
      "name": "Rental Income",
      "description": "Base category for income",
      "type": "income",
      "builtin": true,
      "user": null
    }
  },
  {
    "model": "helper_models.category",
    "pk": 5,
    "fields": {
      "name": "Other income",
      "description": "Base category for income",
      "type": "income",
      "builtin": true,
      "user": null
    }
  },
  {
    "model": "helper_models.category",
    "pk": 6,
    "fields": {
      "name": "CSV income import",
      "description": "Base category for income import",
      "type": "income",
      "builtin": true,
      "user": null
    }
  },
  {
    "model": "helper_models.category",
    "pk": 7,
    "fields": {
      "name": "Housing",
      "description": "Base category for expense",
      "type": "expense",
      "builtin": true,
      "user": null
    }
  },
  {
    "model": "helper_models.category",
    "pk": 8,
    "fields": {
      "name": "Transportation",
      "description": "Base category for expense",
      "type": "expense",
      "builtin": true,
      "user": null
    }
  },
  {
    "model": "helper_models.category",
    "pk": 9,
    "fields": {
      "name": "Entertainment",
      "description": "Base category for expense",
      "type": "expense",
      "builtin": true,
      "user": null
    }
  },
  {
    "model": "helper_models.category",
    "pk": 10,
    "fields": {
      "name": "Food",
      "description": "Base category for expense",
      "type": "expense",
      "builtin": true,
      "user": null
    }
  },
  {
    "model": "helper_models.category",
    "pk": 11,
    "fields": {
      "name": "Utilities",
      "description": "Base category for expense",
      "type": "expense",
      "builtin": true,
      "user": null
    }
  },
  {
    "model": "helper_models.category",
    "pk": 12,
    "fields": {
      "name": "Healthcare",
      "description": "Base category for expense",
      "type": "expense",
      "builtin": true,
      "user": null
    }
  },
  {
    "model": "helper_models.category",
    "pk": 13,
    "fields": {
      "name": "CSV expense import",
      "description": "Base category for expense import",
      "type": "expense",
      "builtin": true,
      "user": null
    }
  }
  ]
