Numer rachunku: 81187010452083104527710001,
Właściciel: MATEUSZ SAMEK,
Historia operacji za okres od 23.12.2023 do 23.01.2024,
Liczba operacji: 11,
Suma uznań: 1 PLN,
Suma obciążeń: -501.69 PLN,
Data księgowania,Data operacji,Rodzaj operacji,Kwota,Waluta,Dane kontrahenta,Numer rachunku kontrahenta,Tytuł operacji,Saldo po operacji,
17-01-2024,13-01-2024,Płatności kartą,-81.85,PLN,,,"Transakcja bezgotówkowa |Nr karty ...3941 06505950596 PAYPAL *ANEGOSTD 81,85PLN",0.19,
16-01-2024,13-01-2024,Płatności kartą,-39.2,PLN,,,"Transakcja bezgotówkowa |Nr karty ...3941 Warsaw BOLT.EU/O/2401130220 39,20PLN",82.04,
16-01-2024,12-01-2024,Płatności kartą,-50.61,PLN,,,"Transakcja bezgotówkowa |Nr karty ...3941 Warsaw BOLT.EU/O/2401122204 50,61PLN",121.24,
13-01-2024,13-01-2024,Przelewy przychodzące,1,PLN,"MATEUSZ ANDRZEJ SAMEK OS. WILLOWE 5/7 31-901 KRAKÓW",PL60109020530000000144517785,"Przelew",171.85,
09-01-2024,07-01-2024,Płatności kartą,-43.34,PLN,,,"Transakcja bezgotówkowa |Nr karty ...3941 KRAKOW ZABKA Z4715 K.1  43,34PLN",170.85,
03-01-2024,01-01-2024,Płatności kartą,-8,PLN,,,"Transakcja bezgotówkowa |Nr karty ...3941 KRAKOW UNICARD 15 8,00PLN",214.19,
02-01-2024,30-12-2023,Płatności kartą,-120,PLN,,,"Transakcja bezgotówkowa |Nr karty ...3941 KRAKOW ESCO BARBER SZEWSKA 120,00PLN",222.19,
02-01-2024,30-12-2023,Płatności kartą,-12,PLN,,,"Transakcja bezgotówkowa |Nr karty ...3941 Poznan jakdojade.pl 12,00PLN",342.19,
02-01-2024,30-12-2023,Płatności kartą,-81.07,PLN,,,"Transakcja bezgotówkowa |Nr karty ...3941 MILOWKA JMP S.A. BIEDRONKA 4203 81,07PLN",354.19,
27-12-2023,22-12-2023,Płatności kartą,-25.63,PLN,,,"Transakcja bezgotówkowa |Nr karty ...3941 35529052 PAYPAL *KINGUINDIGI 25,63PLN",435.26,
27-12-2023,22-12-2023,Płatności kartą,-39.99,PLN,,,"Transakcja bezgotówkowa |Nr karty ...3941 040219880166 PAYPAL *GOODGAMESTU 39,99PLN",460.89,
