Type,Product,Started Date,Completed Date,Description,Amount,Fee,Currency,State,Balance
EXCHANGE,Current,2022-10-13 23:46:49,2022-10-13 23:46:49,Revolut Ltd,45.13,5.99,PLN,COMPLETED,39.14
TRANSFER,Current,2022-10-13 23:54:54,2022-10-14 08:03:15,To Mateusz Andrzej Samek,-39.14,0.00,PLN,COMPLETED,0.00
TOPUP,Current,2023-08-01 13:25:23,2023-08-01 13:25:27,Google Pay Top-Up by *3941,100.00,0.00,PLN,COMPLETED,100.00
TOPUP,Current,2023-08-01 13:27:27,2023-08-01 13:27:30,Google Pay Top-Up by *3941,100.00,0.00,PLN,COMPLETED,200.00
EXCHANGE,Current,2023-08-01 15:25:30,2023-08-01 15:25:30,Exchanged to EUR,-200.00,0.00,PLN,COMPLETED,0.00
EXCHANGE,Current,2023-10-11 23:24:54,2023-10-11 23:24:54,Exchanged to PLN,31.58,0.00,PLN,COMPLETED,31.58
CARD_PAYMENT,Current,2023-10-11 23:31:17,2023-10-12 03:55:13,Riot Games,-27.99,0.00,PLN,COMPLETED,3.59
EXCHANGE,Current,2023-10-13 16:03:08,2023-10-13 16:03:08,Exchanged to PLN,1333.30,0.00,PLN,COMPLETED,1336.89
CARD_PAYMENT,Current,2023-10-14 05:19:01,2023-10-14 17:14:08,Bolt,-37.42,0.00,PLN,COMPLETED,1299.47
CARD_PAYMENT,Current,2023-10-13 16:12:00,2023-10-16 06:45:28,Media Expert,-329.06,0.00,PLN,COMPLETED,970.41
CARD_PAYMENT,Current,2023-10-15 05:46:24,2023-10-16 06:58:10,Orlen,-6.29,0.00,PLN,COMPLETED,964.12
CARD_PAYMENT,Current,2023-10-15 05:44:12,2023-10-16 06:58:10,Orlen,-20.77,0.00,PLN,COMPLETED,943.35
TRANSFER,Current,2023-10-16 21:29:26,2023-10-16 21:34:51,To Michał Maciołek,-21.50,0.00,PLN,COMPLETED,921.85
CARD_PAYMENT,Current,2023-10-16 17:45:03,2023-10-17 16:11:59,Pyszne.pl,-54.00,0.00,PLN,COMPLETED,867.85
TRANSFER,Current,2023-10-18 15:23:28,2023-10-18 15:31:59,To Karol Hyży,-160.00,0.00,PLN,COMPLETED,707.85
CARD_PAYMENT,Current,2023-10-21 22:25:11,2023-10-22 16:18:39,x-kom,-65.89,0.00,PLN,COMPLETED,641.96
CARD_PAYMENT,Current,2023-10-23 10:31:32,2023-10-23 19:20:57,KFD,-150.86,0.00,PLN,COMPLETED,491.10
CARD_PAYMENT,Current,2023-10-23 16:32:38,2023-10-24 07:04:10,Allegro,-46.90,0.00,PLN,COMPLETED,444.20
CARD_PAYMENT,Current,2023-10-23 07:42:54,2023-10-24 13:37:00,Zachęta,-43.91,0.00,PLN,COMPLETED,400.29
CARD_PAYMENT,Current,2023-10-25 01:07:13,,Google 4j4 787360,-4.00,0.00,PLN,REVERTED,
CARD_PAYMENT,Current,2023-10-24 22:19:18,2023-10-25 07:55:47,Slovnaft,-13.48,0.00,PLN,COMPLETED,386.81
CARD_PAYMENT,Current,2023-10-24 22:21:04,2023-10-25 07:55:47,Slovnaft,-22.98,0.00,PLN,COMPLETED,363.83
CARD_PAYMENT,Current,2023-10-24 19:21:21,2023-10-25 08:31:30,Żabka,-6.90,0.00,PLN,COMPLETED,356.93
CARD_PAYMENT,Current,2023-10-25 01:08:32,2023-10-26 13:29:29,Uber,-61.75,0.00,PLN,COMPLETED,295.18
TRANSFER,Current,2023-10-29 17:12:32,2023-10-29 17:19:17,To Patryk Hebda,-33.00,0.00,PLN,COMPLETED,262.18
CARD_PAYMENT,Current,2023-10-26 15:45:32,2023-10-31 13:19:52,Steam,-249.00,0.00,PLN,COMPLETED,13.18
CARD_PAYMENT,Current,2023-11-12 16:11:48,2023-11-13 07:17:56,Jak dojadę,-6.00,0.00,PLN,COMPLETED,7.18
CARD_PAYMENT,Current,2023-11-20 00:55:26,2023-11-21 02:50:57,Slovnaft,-5.40,0.00,PLN,COMPLETED,1.78
