2024-01-23,01-01-2024,'60 1090 2053 0000 0001 4451 7785,MATEUSZ A SAMEK OS. WILLOWE 5/7 31-901 KRAKÓW,PLN,"2045,44","247,92",62,
23-01-2024,23-01-2024,00105278240123545003 - Transakcja eFX kurs: 4.0327000,MATEUSZ ANDRZEJ SAMEK OS. WILLOWE 5/7 31-901 KRAKÓW,23 1090 0088 0000 0001 5062 9255,"84,69","247,92",1,
23-01-2024,23-01-2024,00105278240123544871 - Transakcja eFX kurs: 4.3675000,MATEUSZ ANDRZEJ SAMEK OS. WILLOWE 5/7 31-901 KRAKÓW,89 1090 0088 0000 0001 4837 0586,"131,02","163,23",2,
23-01-2024,23-01-2024,Zakup BLIK PayPro S.A. Pastelowa 860-198 Poznan ref:78707304861,PayPro S.A. Pastelowa 860-198 Poznan,72 1090 1489 0000 0000 4800 3393,"-124,88","32,21",3,
23-01-2024,23-01-2024,00105278240123529692 - Transakcja eFX kurs: 4.3511000,MATEUSZ ANDRZEJ SAMEK OS. WILLOWE 5/7 31-901 KRAKÓW,89 1090 0088 0000 0001 4837 0586,"43,51","157,09",4,
23-01-2024,22-01-2024,DOP. MC 557519******0049 ZWROT PŁATNOŚCI KARTĄ 89.98 PLN SINSAY 3312422 KRAKOW,,,"89,98","113,58",5,
22-01-2024,22-01-2024,Zakup BLIK allegro.pl WIERZBIĘCICE 1B ref:78699598506,allegro.pl WIERZBIĘCICE 1B,72 1090 1489 0000 0000 4800 3393,"-99,89","291,26",6,
22-01-2024,22-01-2024,00105278240122517232 - Transakcja eFX kurs: 4.3383000,MATEUSZ ANDRZEJ SAMEK OS. WILLOWE 5/7 31-901 KRAKÓW,89 1090 0088 0000 0001 4837 0586,"86,77","391,15",7,
22-01-2024,22-01-2024,Zakup BLIK Uber Meester Treublaan 7 ref:78685420973,Uber Meester Treublaan 7,72 1090 1489 0000 0000 4800 3393,"-94,60","304,38",8,
23-01-2024,21-01-2024,DOP. MC 557519******0049 PŁATNOŚĆ KARTĄ 267.66 PLN PAYPAL *GOSIAGORNAL 35314369001,,,"-267,66","23,60",9,
19-01-2024,19-01-2024,Zakup BLIK Autopay S.A. Powstancow Warszawy 681-718 Sopot ref:78633388628,Autopay S.A. Powstancow Warszawy 681-718 Sopot,72 1090 1489 0000 0000 4800 3393,"-54,00","398,98",10,
19-01-2024,19-01-2024,Zakup BLIK kinguin.net On Hing Terrace On Hing Bldg 8/F ref:78635750499,kinguin.net On Hing Terrace On Hing Bldg 8/F,72 1090 1489 0000 0000 4800 3393,"-11,80","452,98",11,
18-01-2024,18-01-2024,"-ID_TR=5206466- ELD:24876420, Zakupy mobilne moBILET",,,"-4,00","776,98",12,
19-01-2024,18-01-2024,DOP. MC 557519******0049 PŁATNOŚĆ KARTĄ 167.99 PLN Deichmann-Obuwie Sp.z. Krakow,,,"-167,99","464,78",13,
19-01-2024,18-01-2024,DOP. MC 557519******0049 PŁATNOŚĆ KARTĄ 44.00 PLN NORTH FISH Galeria Kr Krakow,,,"-44,00","732,98",14,
18-01-2024,18-01-2024,"-ID_TR=5198783- ELD:24864867, Zakupy mobilne moBILET",,,"-4,00","780,98",15,
19-01-2024,18-01-2024,DOP. MC 557519******0049 PŁATNOŚĆ KARTĄ 100.21 PLN PHU ZACHETA SKLEP NR KRAKOW,,,"-100,21","632,77",16,
18-01-2024,18-01-2024,Zakup BLIK ALLEGRO SP. Z O.O. ul. Wierzbiecice 1B ref:78607185150,ALLEGRO SP. Z O.O. ul. Wierzbiecice 1B,72 1090 1489 0000 0000 4800 3393,"-247,92","784,98",17,
18-01-2024,18-01-2024,00105278240118393100 - Transakcja eFX kurs: 4.4210000,MATEUSZ A SAMEK OS. WILLOWE 5/7 31-901 KRAKÓW,89 1090 0088 0000 0001 4837 0586,"-265,26","1032,90",18,
16-01-2024,16-01-2024,Zakup BLIK LOT KOMITETU OBRONY ROBOTNIKOW ST ref:78561437883,LOT KOMITETU OBRONY ROBOTNIKOW ST,72 1090 1489 0000 0000 4800 3393,"-1993,63","1329,79",19,
15-01-2024,15-01-2024,Zakup BLIK tpay.com plac Andersa 3 7361-894 Poznan ref:78559529424,tpay.com plac Andersa 3 7361-894 Poznan,72 1090 1489 0000 0000 4800 3393,"-28,67","3323,42",20,
16-01-2024,15-01-2024,DOP. MC 557519******0049 PŁATNOŚĆ KARTĄ 31.63 PLN PHU ZACHETA SKLEP NR KRAKOW,,,"-31,63","1298,16",21,
15-01-2024,15-01-2024,"Zakup BLIK Temu.com First Floor, 25 St Stephens Green, ref:78540797941","Temu.com First Floor, 25 St Stephens Green,",72 1090 1489 0000 0000 4800 3393,"-1226,28","3352,09",22,
15-01-2024,14-01-2024,DOP. MC 557519******0049 PŁATNOŚĆ KARTĄ 41.52 PLN UBR* PENDING.UBER.COM AMSTERDAM,,,"-41,52","4578,37",23,
14-01-2024,13-01-2024,Przelew,Ja NEST,81 1870 1045 2083 1045 2771 0001,"-1,00","4687,12",24,
14-01-2024,13-01-2024,DOP. MC 557519******0049 PŁATNOŚĆ KARTĄ 67.23 PLN PHU ZACHETA SKLEP NR KRAKOW,,,"-67,23","4619,89",25,
14-01-2024,13-01-2024,Darowizna,FUNDACJA NIEZALEŻNE MEDIA,78 1240 1053 1111 0010 7283 0412,"-100,00","4688,12",26,
14-01-2024,12-01-2024,DOP. MC 557519******0049 PŁATNOŚĆ KARTĄ 16.50 PLN BARBARA GRUDZIEN BASK Krakow,,,"-16,50","4788,12",27,
14-01-2024,12-01-2024,DOP. MC 557519******0049 PŁATNOŚĆ KARTĄ 65.00 PLN CZARY MARY - Kawa9086 Krakow,,,"-65,00","4804,62",28,
12-01-2024,12-01-2024,00105278240112241189 - Transakcja eFX kurs: 4.3735000,MATEUSZ A SAMEK OS. WILLOWE 5/7 31-901 KRAKÓW,89 1090 0088 0000 0001 4837 0586,"-4,37","4869,62",29,
12-01-2024,12-01-2024,Mateusz Samek,Kacper Garbaciński,66 1090 2590 0000 0001 4759 3718,"-1250,00","4873,99",30,
12-01-2024,12-01-2024,Zakup BLIK ALLEGRO SP. Z O.O. ul. Wierzbiecice 1B ref:78497688159,ALLEGRO SP. Z O.O. ul. Wierzbiecice 1B,72 1090 1489 0000 0000 4800 3393,"-595,18","6123,99",31,
11-01-2024,11-01-2024,Zakup BLIK Autopay S.A. Powstancow Warszawy 681-718 Sopot ref:78477412560,Autopay S.A. Powstancow Warszawy 681-718 Sopot,72 1090 1489 0000 0000 4800 3393,"-68,00","7077,06",32,
12-01-2024,11-01-2024,DOP. MC 557519******0049 PŁATNOŚĆ KARTĄ 357.89 PLN LIDL 02 Krakow,,,"-357,89","6719,17",33,
11-01-2024,11-01-2024,DOP. MC 557519******0049 WPŁATA WE WPŁATOMACIE KARTĄ 6000.00 PLN OS CENTRUM D1 KRAKOW,,,"6000,00","7145,06",34,
11-01-2024,11-01-2024,Zakup BLIK siepomaga.pl pl. Władysława Andersa 3 ref:78461735459,siepomaga.pl pl. Władysława Andersa 3,72 1090 1489 0000 0000 4800 3393,"-50,00","1145,06",35,
10-01-2024,10-01-2024,Zakup BLIK ALLEGRO SP. Z O.O. ul. Wierzbiecice 1B ref:78451349147,ALLEGRO SP. Z O.O. ul. Wierzbiecice 1B,72 1090 1489 0000 0000 4800 3393,"-27,99","1195,06",36,
10-01-2024,10-01-2024,Zakup BLIK PayU S.A. Grunwaldzka 18660-166 Poznan ref:78442730599,PayU S.A. Grunwaldzka 18660-166 Poznan,72 1090 1489 0000 0000 4800 3393,"-67,00","1223,05",37,
10-01-2024,09-01-2024,DOP. MC 557519******0049 PŁATNOŚĆ KARTĄ 43.12 PLN PHU ZACHETA SKLEP NR KRAKOW,,,"-43,12","1290,05",38,
10-01-2024,09-01-2024,DOP. MC 557519******0049 PŁATNOŚĆ KARTĄ 66.83 PLN PHU ZACHETA SKLEP NR KRAKOW,,,"-66,83","1333,17",39,
10-01-2024,09-01-2024,DOP. MC 557519******0049 PŁATNOŚĆ KARTĄ 12.00 PLN BOLT.EU/O/2401091016 Warsaw,,,"-12,00","1420,88",40,
10-01-2024,09-01-2024,DOP. MC 557519******0049 PŁATNOŚĆ KARTĄ 20.88 PLN UBR* PENDING.UBER.COM AMSTERDAM,,,"-20,88","1400,00",41,
09-01-2024,09-01-2024,PRZELEW ŚRODKÓW,ANDRZEJ GUSTAW SAMEK ANDRZEJ GUSTAW SAMEK,PL90 1020 2892 0000 5702 0645 1126,"100,00","1562,75",42,
09-01-2024,09-01-2024,00105278240109113062 - Transakcja eFX kurs: 3.9763000,MATEUSZ A SAMEK OS. WILLOWE 5/7 31-901 KRAKÓW,23 1090 0088 0000 0001 5062 9255,"-39,76","1487,74",43,
09-01-2024,08-01-2024,DOP. MC 557519******0049 PŁATNOŚĆ KARTĄ 24.99 PLN SKYSHOWTIME 4EC0A PL Amsterdam,,,"-24,99","1462,75",44,
09-01-2024,08-01-2024,DOP. MC 557519******0049 PŁATNOŚĆ KARTĄ 129.87 PLN PHU ZACHETA SKLEP NR KRAKOW,,,"-129,87","1432,88",45,
08-01-2024,08-01-2024,przelew,"GRZEGORZ POZNAŃSKI - F.H.U. G.P-AUT O Nieszkowice Male 65, 32-744 Nieszko wice Male ELIXIR 08-01-2024",68 2490 0005 0000 4530 8459 8281,"1525,00","1527,50",46,
08-01-2024,08-01-2024,Zakup BLIK Epic Games Store 33 Rue du Puits Romain ref:78413135080,Epic Games Store 33 Rue du Puits Romain,72 1090 1489 0000 0000 4800 3393,"-44,50","2,50",47,
07-01-2024,07-01-2024,Zakup BLIK ALLEGRO SP. Z O.O. ul. Wierzbiecice 1B ref:78389134947,ALLEGRO SP. Z O.O. ul. Wierzbiecice 1B,72 1090 1489 0000 0000 4800 3393,"-184,98","47,00",48,
06-01-2024,06-01-2024,Zakup BLIK PayU S.A. Grunwaldzka 18660-166 Poznan ref:78373125442,PayU S.A. Grunwaldzka 18660-166 Poznan,72 1090 1489 0000 0000 4800 3393,"-20,00","328,88",49,
07-01-2024,06-01-2024,DOP. MC 557519******0049 PŁATNOŚĆ KARTĄ 14.90 PLN cyfrowy.wprost.pl WARSZAWA,,,"-14,90","231,98",50,
07-01-2024,06-01-2024,DOP. MC 557519******0049 PŁATNOŚĆ KARTĄ 82.00 PLN MARKETINGOWY WARSZTAT LIPNO,,,"-82,00","246,88",51,
06-01-2024,05-01-2024,DOP. MC 557519******0049 PŁATNOŚĆ KARTĄ 7.78 PLN PHU ZACHETA SKLEP NR KRAKOW,,,"-7,78","348,88",52,
06-01-2024,05-01-2024,DOP. MC 557519******0049 PŁATNOŚĆ KARTĄ 11.90 PLN siec.wpolityce.pl Gdynia,,,"-11,90","356,66",53,
04-01-2024,03-01-2024,DOP. MC 557519******0049 PŁATNOŚĆ KARTĄ 40.44 PLN PHU ZACHETA SKLEP NR KRAKOW,,,"-40,44","368,56",54,
03-01-2024,03-01-2024,DOP. MC 557519******0049 PŁATNOŚĆ KARTĄ 46.99 PLN Google Payment IE LTD Dublin,,,"-46,99","504,00",55,
03-01-2024,02-01-2024,DOP. MC 557519******0049 PŁATNOŚĆ KARTĄ 95.00 PLN WWW.SZKOLAWCHMURZE.ORG WARSZAWA,,,"-95,00","409,00",56,
02-01-2024,02-01-2024,Zakup BLIK tpay.com plac Andersa 3 7361-894 Poznan ref:78280139799,tpay.com plac Andersa 3 7361-894 Poznan,72 1090 1489 0000 0000 4800 3393,"-60,00","571,62",57,
02-01-2024,02-01-2024,00105278240102884528 - Transakcja eFX kurs: 4.3650000,MATEUSZ A SAMEK OS. WILLOWE 5/7 31-901 KRAKÓW,89 1090 0088 0000 0001 4837 0586,"-8,73","749,40",58,
02-01-2024,02-01-2024,00105278240102884522 - Transakcja eFX kurs: 4.3655000,MATEUSZ A SAMEK OS. WILLOWE 5/7 31-901 KRAKÓW,89 1090 0088 0000 0001 4837 0586,"-87,31","758,13",59,
02-01-2024,01-01-2024,kredyt celowy nr 310000077510,Santander Consumer Bank S.A.,56 2120 0001 0001 3100 0007 7510,"-117,78","631,62",60,
03-01-2024,01-01-2024,DOP. MC 557519******0049 PŁATNOŚĆ KARTĄ 20.63 PLN PAYPAL *COGNOSPHERE 98391894,,,"-20,63","550,99",61,
01-01-2024,01-01-2024,Przelew,tata,90 1020 2892 0000 5702 0645 1126,"-1200,00","845,44",62,
